academic_score_percentage,family_income_monthly_inr,location_tier,first_generation_student,distance_from_institution_km,internet_access_reliability,admitted
49.3,5881,Semi-Urban,0,28.5,High,0
64.1,2353,Rural,0,44.7,Medium,1
56.4,1137,Rural,1,110.6,Low,0
74.4,2748,Semi-Urban,1,26.9,High,1
48.1,4540,Urban,1,3.1,Medium,0
60.5,6275,Urban,1,4.8,High,1
39.5,2025,Urban,1,6.1,Medium,0
62.5,2539,Rural,1,97.7,Low,1
72.8,4455,Semi-Urban,0,28.6,High,1
64.4,682,Rural,0,68.8,Medium,0
65.0,3793,Urban,0,1.5,High,1
58.2,417,Rural,1,26.3,Low,0
76.1,417,Rural,1,110.6,Medium,0
60.7,4514,Urban,0,3.7,High,1
62.1,2534,Urban,1,10.0,High,1
43.7,3755,Urban,1,4.6,High,0
52.0,3713,Semi-Urban,0,30.6,High,0
66.5,1716,Semi-Urban,0,19.2,High,0
76.6,3239,Semi-Urban,1,7.4,Medium,1
61.2,1181,Urban,0,4.2,Medium,0
56.5,6231,Semi-Urban,1,15.0,Medium,0
58.9,925,Urban,0,4.4,High,0
52.0,2925,Urban,1,10.4,Low,0
64.4,1162,Semi-Urban,1,16.6,Medium,0
37.5,4522,Semi-Urban,1,7.0,Low,0
76.2,2060,Rural,0,46.0,Medium,1
50.0,2253,Urban,1,6.6,High,0
70.8,5111,Semi-Urban,1,27.5,High,1
46.0,3811,Semi-Urban,0,28.5,Medium,0
70.0,4410,Urban,1,6.0,High,1
75.1,1706,Semi-Urban,0,12.0,High,0
70.8,823,Urban,0,4.8,High,0
50.1,3973,Urban,0,2.1,High,0
60.7,2086,Rural,0,117.2,Low,1
39.3,4055,Rural,0,80.9,High,0
48.2,2167,Rural,1,55.0,Medium,0
80.4,4177,Semi-Urban,0,20.1,Medium,1
72.0,417,Urban,1,12.1,Low,0
65.2,7684,Semi-Urban,0,7.4,Medium,1
50.4,3408,Semi-Urban,0,23.2,Low,0
74.7,5203,Urban,0,13.1,Medium,1
60.3,1591,Semi-Urban,1,39.0,Medium,0
30.2,4392,Urban,0,7.5,High,0
63.7,417,Rural,1,31.5,Low,0
59.6,4275,Urban,1,6.8,High,0
78.0,2592,Semi-Urban,1,29.7,Medium,1
48.6,3811,Semi-Urban,0,19.8,High,0
20.0,5204,Semi-Urban,0,17.1,Medium,0
64.2,766,Semi-Urban,1,18.9,High,0
69.4,2324,Urban,0,3.8,High,1
26.6,3286,Rural,1,65.8,High,0
42.3,7121,Rural,0,68.5,Low,0
93.3,2046,Rural,1,36.6,High,1
47.4,3565,Rural,1,114.6,High,0
71.0,3110,Semi-Urban,1,28.0,High,1
47.2,6796,Rural,0,86.9,Low,0
28.6,417,Urban,1,12.5,High,1
62.4,3947,Urban,0,1.6,High,1
61.0,417,Urban,0,13.5,High,0
54.0,417,Semi-Urban,1,38.3,High,1
58.3,3953,Semi-Urban,1,15.4,Low,1
64.0,3624,Urban,1,3.9,Medium,1
49.7,1740,Rural,1,100.6,Medium,0
46.0,3529,Semi-Urban,0,26.8,High,0
72.3,10205,Urban,0,13.1,High,0
30.8,2795,Semi-Urban,1,14.4,High,0
34.2,4813,Urban,0,2.8,High,0
68.1,1397,Rural,0,45.9,Medium,0
72.6,4365,Urban,0,10.4,Medium,1
56.1,2254,Rural,0,53.0,High,0
36.1,1895,Rural,0,95.7,Low,0
54.4,7539,Urban,0,10.5,High,0
61.1,6202,Urban,0,9.3,High,1
33.1,3035,Rural,0,107.8,High,0
40.9,417,Rural,1,108.0,Low,0
66.8,1998,Rural,0,107.1,Medium,0
78.4,8381,Rural,0,43.9,Low,1
53.7,2853,Urban,1,4.9,High,0
76.3,6048,Semi-Urban,0,10.4,High,1
31.3,6337,Urban,1,4.2,High,0
61.9,2790,Rural,1,22.7,High,1
52.9,1996,Semi-Urban,0,35.9,High,0
69.6,417,Semi-Urban,0,12.1,Medium,0
56.3,4759,Urban,1,11.5,High,0
79.8,1636,Semi-Urban,1,29.5,High,0
51.9,4117,Semi-Urban,0,28.8,Medium,0
61.4,417,Rural,1,30.5,Low,0
60.8,3197,Semi-Urban,0,5.5,High,1
49.6,2404,Rural,1,102.2,Low,0
62.2,4310,Semi-Urban,0,13.9,High,1
47.3,1011,Urban,1,11.3,High,0
51.8,4827,Rural,1,116.4,High,0
51.1,1090,Rural,1,40.4,Low,0
68.6,417,Semi-Urban,0,34.4,High,0
58.3,2523,Rural,0,48.7,High,0
77.0,3822,Semi-Urban,0,28.5,High,1
78.9,4085,Semi-Urban,0,39.2,Medium,1
49.2,6588,Semi-Urban,0,8.6,High,0
73.0,2841,Urban,1,4.6,High,1
47.2,3501,Urban,0,1.4,High,0
73.8,1452,Urban,0,9.8,High,0
69.3,5043,Semi-Urban,1,31.2,Medium,1
31.3,3717,Semi-Urban,1,37.0,Medium,0
61.4,2458,Semi-Urban,1,20.2,High,1
45.0,417,Rural,1,99.3,Medium,0
53.6,6759,Urban,0,10.3,High,0
85.3,1192,Semi-Urban,0,30.3,High,0
42.2,1102,Rural,1,110.6,High,0
47.9,4080,Urban,1,13.5,Medium,0
66.1,1257,Urban,0,9.1,Low,0
70.3,417,Urban,1,8.9,Low,0
62.9,417,Urban,0,8.0,Medium,0
74.5,4252,Rural,0,38.4,Low,1
65.0,1614,Rural,0,109.4,Low,0
32.3,9848,Semi-Urban,0,12.0,High,1
49.1,678,Rural,0,35.2,Low,0
48.6,830,Rural,0,64.0,Medium,0
67.2,2155,Urban,1,6.7,High,1
20.0,3257,Rural,0,28.3,Low,0
100.0,2770,Semi-Urban,0,12.5,High,1
60.0,3609,Rural,1,100.4,Medium,0
54.2,417,Rural,1,70.5,Low,0
77.7,455,Semi-Urban,1,7.2,High,0
95.2,417,Urban,1,13.6,High,0
73.1,417,Urban,1,12.1,Medium,0
79.2,2671,Semi-Urban,0,26.2,Medium,1
59.0,2123,Rural,0,83.5,Medium,0
54.9,1435,Rural,0,36.6,Medium,0
57.9,6340,Urban,0,5.1,High,0
52.6,6308,Semi-Urban,0,34.3,Low,0
49.7,2636,Semi-Urban,1,33.2,Medium,0
44.7,417,Urban,0,4.1,High,0
63.9,2569,Urban,0,10.3,High,1
39.7,2500,Semi-Urban,0,24.0,High,0
54.9,964,Rural,1,91.9,Low,0
64.5,2296,Semi-Urban,0,26.6,High,1
62.2,1972,Semi-Urban,1,31.0,Medium,0
49.2,1945,Rural,0,93.1,High,0
100.0,2426,Semi-Urban,0,23.3,Medium,1
77.4,3184,Rural,0,105.8,Low,1
33.3,3084,Rural,1,101.9,Low,1
68.5,1853,Urban,0,2.9,High,0
50.9,5981,Semi-Urban,1,25.5,Medium,0
49.8,1708,Semi-Urban,0,23.8,Medium,0
44.9,417,Urban,0,13.9,High,1
66.5,4127,Urban,1,10.1,Medium,1
49.8,1630,Semi-Urban,1,36.3,Medium,0
74.5,4003,Semi-Urban,1,28.3,Low,1
74.9,417,Urban,1,11.2,High,0
80.6,6234,Urban,1,11.9,High,1
39.2,3734,Rural,1,53.5,Medium,0
67.1,417,Urban,1,1.0,High,0
69.5,417,Urban,1,11.0,Medium,0
52.9,6817,Semi-Urban,1,20.0,Medium,0
40.4,797,Rural,1,30.1,Low,0
84.1,1595,Urban,1,1.2,High,0
68.4,417,Semi-Urban,0,37.8,High,0
61.5,1603,Rural,1,54.8,Low,0
47.7,2859,Urban,1,14.4,High,0
38.7,4241,Rural,0,94.9,Medium,0
51.5,419,Semi-Urban,1,20.5,Medium,0
63.1,583,Semi-Urban,0,5.8,High,0
49.0,4690,Semi-Urban,0,15.5,High,0
59.9,5431,Semi-Urban,1,22.6,High,0
39.7,477,Urban,0,9.5,High,0
35.2,4586,Rural,1,117.9,Low,0
70.1,3412,Semi-Urban,1,37.4,High,1
74.1,6025,Urban,0,2.3,High,1
59.1,3604,Urban,0,5.4,High,0
49.7,417,Semi-Urban,0,19.3,Medium,0
44.6,3017,Semi-Urban,1,27.9,High,0
54.4,5542,Urban,1,14.8,High,0
69.7,1471,Semi-Urban,1,10.6,High,0
78.9,2942,Urban,0,8.4,High,1
52.6,2966,Semi-Urban,1,7.5,High,0
47.7,417,Urban,0,14.9,Medium,0
64.0,6815,Semi-Urban,1,28.2,Low,1
52.6,1872,Semi-Urban,0,35.9,High,0
44.2,3387,Rural,1,89.4,Medium,0
84.9,3569,Urban,0,5.3,Medium,0
72.4,5953,Semi-Urban,1,8.9,High,1
67.4,4596,Urban,0,10.4,Medium,1
32.9,1844,Rural,1,23.3,High,0
55.2,472,Rural,1,50.4,Low,0
80.9,5412,Urban,0,2.9,Medium,1
54.4,417,Semi-Urban,1,23.7,Low,0
72.3,3679,Rural,1,107.1,Low,1
84.4,1460,Semi-Urban,0,17.4,High,0
90.0,6359,Semi-Urban,0,34.0,Low,1
64.6,3669,Urban,1,10.8,High,1
73.8,5092,Urban,0,11.5,High,1
78.2,2921,Rural,0,110.7,Low,1
63.7,417,Rural,0,87.1,Low,0
52.5,1540,Semi-Urban,1,16.4,Low,0
58.3,5151,Semi-Urban,0,17.4,High,0
63.6,3681,Semi-Urban,1,22.7,Medium,1
32.6,4794,Rural,1,66.0,Low,0
49.9,3173,Rural,1,106.5,High,0
68.4,417,Rural,1,74.7,Medium,1
24.1,1092,Rural,0,58.0,Medium,0
83.0,3548,Semi-Urban,1,24.4,High,1
81.8,417,Urban,0,3.7,Low,0
58.1,7236,Urban,0,2.8,High,0
65.2,3670,Rural,0,24.2,Low,1
65.0,6306,Semi-Urban,0,28.7,Low,1
78.4,417,Urban,1,7.7,High,0
74.7,5926,Urban,1,9.2,Medium,1
44.0,8399,Semi-Urban,0,31.2,High,0
73.8,998,Urban,0,2.2,Medium,0
56.9,4940,Urban,1,1.8,High,0
66.2,3752,Semi-Urban,0,10.6,Low,1
54.1,532,Semi-Urban,0,28.6,High,0
91.2,4777,Semi-Urban,0,11.3,High,1
75.6,5070,Urban,1,4.3,Medium,1
40.9,1081,Rural,1,92.7,Medium,0
45.0,6179,Urban,0,12.5,High,0
59.2,417,Semi-Urban,0,10.8,High,0
58.5,417,Rural,1,48.2,Low,0
63.6,3618,Semi-Urban,1,30.2,High,0
75.8,2803,Rural,0,31.3,High,1
71.8,1840,Semi-Urban,1,23.0,High,1
79.5,5437,Semi-Urban,0,10.6,High,1
69.9,4856,Urban,0,13.6,High,1
39.2,5121,Semi-Urban,1,5.7,High,0
62.1,3493,Urban,0,9.2,High,1
75.9,4589,Urban,1,11.2,High,1
56.2,1822,Rural,0,50.1,Low,0
72.5,8029,Semi-Urban,0,17.4,Low,1
47.2,641,Rural,1,49.7,High,0
49.6,8136,Semi-Urban,0,12.8,Medium,0
50.1,2406,Rural,1,94.3,Low,0
69.6,884,Semi-Urban,0,26.3,High,0
55.2,6600,Semi-Urban,0,13.6,Medium,0
61.5,4012,Semi-Urban,0,7.0,High,1
45.9,5107,Urban,1,1.3,High,0
73.8,5300,Rural,0,79.3,High,1
55.6,4037,Urban,1,1.8,High,0
86.8,2516,Urban,0,11.7,High,1
82.9,5366,Semi-Urban,1,26.6,High,1
63.8,3752,Urban,0,5.6,High,1
36.9,3762,Rural,1,99.5,Low,0
20.7,417,Rural,1,23.5,Medium,0
29.9,3265,Rural,1,78.3,Medium,0
39.4,2003,Semi-Urban,1,29.4,Low,0
80.7,6778,Urban,1,6.8,High,1
53.7,3631,Rural,1,72.1,Low,0
70.8,4250,Semi-Urban,0,22.5,Medium,1
23.7,3763,Rural,0,103.1,Low,1
34.0,417,Rural,1,79.9,Medium,0
65.3,5715,Rural,1,31.5,Medium,1
64.3,7482,Urban,1,6.3,High,1
62.8,4569,Semi-Urban,0,9.0,Low,1
65.5,6063,Rural,0,86.9,Low,1
89.5,2564,Semi-Urban,0,9.1,High,1
56.7,1673,Urban,1,3.3,Medium,0
66.0,3835,Semi-Urban,0,10.0,High,1
59.9,3656,Rural,0,71.7,High,0
100.0,2929,Semi-Urban,0,12.2,Medium,1
33.5,4870,Semi-Urban,0,18.7,High,0
75.2,4388,Urban,0,6.6,Medium,1
63.3,1670,Semi-Urban,0,12.2,High,0
60.5,3414,Rural,1,80.2,Low,1
55.1,5549,Urban,0,6.8,High,0
64.3,4107,Semi-Urban,0,5.6,High,1
67.7,5151,Rural,0,80.7,Low,1
100.0,417,Rural,0,83.1,Medium,1
77.1,4725,Semi-Urban,0,21.6,High,1
44.3,417,Rural,0,90.3,Medium,0
53.6,1012,Semi-Urban,1,27.0,Low,0
58.2,2436,Urban,0,14.2,High,0
25.1,417,Rural,1,30.4,High,0
47.0,1192,Rural,1,58.5,High,0
63.0,1887,Rural,1,68.8,Medium,0
37.9,4494,Rural,0,85.2,Low,0
80.7,3081,Semi-Urban,0,34.3,High,1
72.3,447,Semi-Urban,0,33.7,High,0
46.0,5125,Rural,0,94.4,High,0
57.9,1589,Semi-Urban,1,22.0,High,0
81.0,2628,Rural,0,83.4,Low,0
68.0,3680,Rural,0,27.1,Medium,1
52.1,2749,Rural,1,45.4,Low,0
56.4,5613,Semi-Urban,1,11.4,High,0
66.1,4748,Semi-Urban,0,34.9,High,0
57.3,1956,Urban,0,1.8,Medium,0
33.4,8289,Semi-Urban,0,21.3,High,0
95.6,4155,Urban,0,9.3,High,1
67.3,3443,Semi-Urban,0,18.6,Low,1
71.0,5758,Semi-Urban,0,33.1,High,1
64.1,4270,Urban,0,5.8,High,1
54.0,4582,Semi-Urban,0,12.1,Medium,0
62.2,8942,Urban,0,8.6,High,0
41.0,3177,Urban,0,2.1,High,0
91.2,2088,Rural,0,40.7,High,1
41.5,3576,Semi-Urban,1,24.0,High,0
44.5,5566,Urban,1,6.5,Medium,1
58.4,611,Semi-Urban,0,7.3,High,0
76.3,417,Rural,0,41.9,Medium,0
65.2,2527,Urban,0,3.1,High,1
41.5,417,Semi-Urban,1,18.1,High,0
78.8,2448,Urban,1,9.3,High,1
76.0,4797,Urban,0,2.1,Medium,1
68.1,1478,Semi-Urban,1,39.9,High,0
75.7,777,Semi-Urban,0,24.6,Medium,0
100.0,3894,Semi-Urban,0,16.2,Low,1
84.8,4130,Rural,1,113.2,Medium,1
41.7,417,Rural,1,59.7,Medium,0
84.4,5042,Semi-Urban,1,18.0,High,1
65.7,5036,Semi-Urban,1,7.4,High,1
64.5,4738,Rural,0,31.4,Low,1
34.6,5872,Urban,1,12.0,Medium,0
62.4,8338,Semi-Urban,0,30.3,High,1
47.8,2591,Urban,1,14.2,High,0
77.4,3978,Urban,0,2.7,Medium,1
68.1,1466,Rural,1,90.2,Low,0
25.9,2754,Rural,0,119.3,Medium,0
59.7,6527,Semi-Urban,1,28.2,High,0
81.8,948,Semi-Urban,0,21.9,High,0
57.2,1539,Urban,1,1.6,Low,0
75.9,6619,Urban,0,6.7,High,0
70.3,5875,Urban,0,8.2,High,1
70.1,2993,Semi-Urban,0,24.2,High,1
52.9,4530,Rural,0,91.4,Medium,0
41.8,4044,Semi-Urban,1,31.8,High,0
48.2,6876,Urban,0,7.7,Low,0
62.6,2489,Rural,1,102.4,High,1
57.3,4887,Rural,0,115.5,Low,0
62.9,9254,Semi-Urban,0,33.1,High,1
53.6,4579,Semi-Urban,1,23.1,High,0
55.4,3436,Semi-Urban,1,9.9,High,0
80.7,5255,Urban,0,12.4,High,1
60.0,2989,Semi-Urban,0,26.7,High,0
31.9,7308,Rural,1,26.0,Medium,0
76.2,4125,Urban,0,7.2,High,1
56.9,2765,Urban,1,10.0,High,0
60.5,1592,Urban,1,6.3,Low,0
84.1,5619,Urban,1,1.8,Medium,1
56.7,4557,Rural,0,65.6,Medium,1
56.3,1297,Rural,1,56.9,Low,0
47.3,4951,Semi-Urban,0,25.9,Low,0
61.7,607,Urban,0,4.0,High,0
74.1,4135,Semi-Urban,0,36.1,Medium,1
41.7,4693,Semi-Urban,0,25.3,Low,0
63.0,6890,Urban,1,12.5,High,1
61.5,1727,Semi-Urban,1,10.5,High,1
60.6,670,Semi-Urban,1,21.6,Low,0
80.6,1885,Semi-Urban,0,30.1,Medium,0
70.0,965,Semi-Urban,0,14.5,High,0
87.2,6535,Urban,0,8.8,High,1
45.1,6560,Semi-Urban,1,16.0,High,0
67.0,4417,Semi-Urban,0,13.5,Medium,1
61.3,5878,Semi-Urban,1,12.5,Medium,1
41.0,3029,Rural,0,111.3,Low,0
79.3,3552,Semi-Urban,0,36.8,High,1
94.9,2640,Urban,1,14.4,High,0
64.7,3103,Urban,0,8.6,High,1
67.6,417,Semi-Urban,1,7.7,High,0
61.3,3884,Urban,1,4.1,High,1
54.3,3666,Semi-Urban,0,18.4,Low,0
29.7,4303,Rural,0,73.4,Low,0
54.4,3945,Semi-Urban,0,28.1,High,0
39.1,2994,Semi-Urban,1,32.9,Medium,0
90.6,1935,Semi-Urban,0,14.5,High,0
58.3,3484,Semi-Urban,1,29.2,Medium,0
54.8,4871,Semi-Urban,1,14.2,Medium,0
65.3,417,Rural,1,77.7,Medium,0
48.2,3932,Semi-Urban,0,27.3,Low,0
40.5,2819,Rural,1,32.3,Low,0
53.0,837,Rural,1,75.9,Medium,0
80.4,2525,Urban,0,3.3,Medium,1
72.5,4230,Urban,0,3.6,High,1
63.7,972,Urban,1,3.8,High,0
66.2,4479,Urban,0,6.4,High,1
66.0,1468,Urban,1,1.7,High,0
68.0,5964,Semi-Urban,0,28.2,Medium,0
49.6,8620,Urban,0,8.2,High,0
60.7,1540,Semi-Urban,1,32.2,Medium,0
40.9,3863,Rural,0,50.6,Low,0
66.2,2236,Urban,0,12.7,High,1
49.8,4919,Rural,0,64.6,Low,0
100.0,1114,Urban,0,8.1,High,0
64.4,4751,Urban,0,1.9,High,1
43.9,1931,Semi-Urban,0,20.1,Medium,0
58.0,2902,Semi-Urban,1,6.1,High,0
64.8,602,Rural,0,63.1,High,0
77.1,4047,Rural,1,51.9,Low,1
48.2,1006,Rural,0,78.2,Medium,0
36.3,4483,Urban,1,14.4,High,0
77.3,3033,Urban,0,1.7,Low,0
31.3,2095,Rural,1,90.6,Low,0
50.5,3058,Rural,0,88.8,Low,0
53.1,1163,Rural,0,57.5,High,0
64.0,4188,Semi-Urban,0,36.4,Medium,0
75.3,6938,Semi-Urban,0,36.1,Low,1
46.7,1129,Rural,0,34.3,Low,0
60.9,6191,Semi-Urban,0,36.5,Medium,1
51.8,5454,Rural,1,54.6,Medium,0
59.2,1050,Rural,0,35.4,High,0
66.5,719,Semi-Urban,0,34.6,High,0
58.5,2962,Rural,1,84.6,Medium,0
64.7,1193,Rural,1,83.7,Low,0
70.9,7643,Urban,0,2.7,High,1
63.8,2823,Rural,0,27.2,Low,1
41.3,2079,Semi-Urban,0,40.0,Low,0
52.8,417,Rural,1,51.1,Medium,0
67.2,5604,Semi-Urban,1,31.2,High,1
67.9,1560,Rural,0,80.6,Low,0
49.6,3425,Semi-Urban,1,35.0,Low,0
50.1,5325,Urban,1,3.0,High,0
48.4,1741,Rural,0,118.8,Medium,0
68.0,3238,Urban,1,8.8,High,1
80.5,3715,Semi-Urban,0,19.4,Medium,1
50.9,4174,Rural,0,34.1,Medium,0
70.6,3981,Rural,0,68.6,Low,1
66.9,3291,Semi-Urban,0,17.6,High,1
63.1,3883,Semi-Urban,0,32.4,High,1
56.8,2559,Semi-Urban,1,24.8,High,0
76.2,672,Urban,0,6.8,High,0
69.9,4287,Semi-Urban,0,27.9,High,1
99.1,7692,Semi-Urban,0,13.1,High,1
39.2,492,Rural,1,58.8,Medium,0
64.8,1140,Rural,0,36.0,High,0
49.1,936,Rural,0,22.3,Medium,0
52.0,5260,Urban,0,9.4,Low,0
64.8,4684,Semi-Urban,0,6.4,High,1
62.1,3003,Urban,1,5.4,High,1
100.0,1421,Semi-Urban,1,26.7,Medium,0
62.2,3942,Semi-Urban,0,24.7,Low,1
35.0,417,Rural,1,115.6,Medium,0
64.1,3632,Semi-Urban,1,35.3,Medium,1
28.9,5149,Urban,1,12.2,High,0
63.6,1143,Urban,0,10.5,High,0
57.2,417,Rural,0,102.7,High,1
76.9,7040,Semi-Urban,0,31.5,Medium,1
74.6,2059,Urban,1,13.9,High,1
57.4,6117,Urban,0,2.0,High,0
54.7,2429,Rural,0,58.9,Low,0
53.5,3413,Urban,0,5.9,High,0
35.1,3247,Rural,1,54.0,Low,0
61.6,908,Rural,0,74.1,High,0
40.9,3609,Urban,1,4.4,Medium,0
53.8,2539,Urban,1,13.2,High,0
42.1,417,Rural,0,74.2,Medium,1
68.2,4036,Semi-Urban,1,12.4,High,1
92.0,3201,Semi-Urban,0,39.8,Low,0
32.5,2006,Rural,1,64.0,High,0
29.2,417,Rural,0,50.2,High,0
50.1,5649,Rural,1,45.9,Medium,0
52.2,4160,Rural,1,39.5,Low,0
63.3,5342,Semi-Urban,1,25.8,Medium,1
53.3,2697,Urban,1,11.2,High,0
54.0,417,Rural,0,47.0,Medium,0
65.5,7402,Semi-Urban,1,28.6,High,1
75.6,3206,Semi-Urban,1,28.7,High,1
27.7,1190,Rural,0,54.7,Medium,0
59.5,4618,Urban,0,13.1,High,0
63.2,5765,Semi-Urban,1,10.9,High,1
46.2,3285,Urban,1,10.7,High,0
86.0,5997,Semi-Urban,1,29.2,High,1
55.5,6006,Urban,0,6.8,Low,0
59.4,1091,Urban,1,8.7,Low,0
73.3,2346,Urban,0,6.6,Medium,1
51.1,5328,Semi-Urban,1,10.5,High,0
29.3,417,Rural,0,82.3,High,0
53.6,3022,Semi-Urban,1,26.0,High,0
67.4,417,Rural,1,82.1,Medium,0
59.9,2757,Semi-Urban,0,29.7,Medium,0
47.3,2711,Urban,1,2.9,Medium,0
70.9,2004,Rural,0,23.9,Low,1
55.0,2183,Urban,1,14.3,Medium,0
44.3,417,Rural,1,74.3,Medium,0
67.2,8525,Urban,0,13.7,High,1
63.6,6224,Rural,1,116.4,Medium,1
95.7,912,Urban,1,3.9,High,1
69.4,6046,Rural,0,92.2,Low,1
82.4,2918,Semi-Urban,0,34.3,High,1
44.4,2602,Rural,1,107.0,Medium,0
44.6,3202,Urban,1,6.9,High,0
60.9,1959,Semi-Urban,1,23.8,Medium,0
53.6,4383,Rural,1,32.5,Low,0
48.8,4012,Semi-Urban,0,19.1,High,0
57.4,2341,Semi-Urban,1,10.4,Medium,0
71.0,1032,Semi-Urban,0,25.0,High,0
70.4,1888,Semi-Urban,0,14.7,High,0
72.6,417,Semi-Urban,0,37.2,Medium,0
69.4,3775,Semi-Urban,0,25.4,Medium,1
49.4,417,Rural,0,118.1,Low,0
57.3,3197,Urban,0,1.4,High,1
42.0,6188,Urban,1,6.0,High,0
83.8,5249,Rural,0,78.9,Low,1
57.2,2683,Rural,0,57.5,Low,0
61.6,3569,Semi-Urban,0,8.0,High,1
51.1,7666,Semi-Urban,0,26.2,Medium,0
100.0,4835,Urban,0,8.9,High,0
48.9,3067,Urban,0,12.1,High,0
53.6,417,Semi-Urban,1,28.1,High,0
66.2,4154,Semi-Urban,1,12.4,High,1
69.0,5061,Semi-Urban,1,35.2,Medium,1
79.4,2434,Urban,0,2.9,Medium,1
84.1,3357,Rural,0,118.1,Low,1
59.6,1576,Rural,1,60.8,Low,1
49.2,3367,Semi-Urban,0,15.0,Medium,0
61.1,417,Semi-Urban,0,33.1,High,0
69.6,3288,Semi-Urban,0,39.9,High,1
88.0,4770,Rural,0,115.6,Medium,1
44.0,2435,Semi-Urban,0,36.4,High,1
83.0,3859,Urban,0,5.0,High,1
59.7,1175,Rural,0,105.4,Medium,0
69.6,3501,Rural,0,63.9,Medium,1
50.5,1882,Rural,1,104.7,Medium,0
39.4,417,Rural,1,109.3,Medium,0
71.3,6109,Semi-Urban,1,16.7,High,1
69.8,5269,Semi-Urban,1,7.3,Low,1
66.6,1073,Rural,1,64.8,Low,0
56.8,3787,Rural,0,71.0,Low,0
56.0,4870,Urban,0,8.7,High,0
41.6,5088,Urban,0,6.7,Medium,0
72.3,417,Semi-Urban,1,8.0,Medium,0
58.4,4430,Rural,1,67.7,Low,0
42.5,1563,Rural,0,88.8,High,0
51.9,2588,Urban,1,1.3,High,0
58.0,9246,Semi-Urban,0,13.0,Medium,0
37.8,3962,Semi-Urban,1,21.4,Medium,0
44.7,1945,Rural,0,49.9,Low,0
40.0,417,Rural,0,55.9,Medium,0
50.8,5645,Rural,0,100.4,Medium,0
53.9,947,Semi-Urban,0,10.2,High,0
40.6,1660,Semi-Urban,0,39.1,Medium,0
95.3,3060,Urban,0,13.8,High,1
78.8,6284,Urban,1,9.0,High,1
45.3,4361,Rural,0,119.8,Medium,0
61.1,2421,Rural,0,87.7,Medium,1
58.3,2976,Rural,1,102.8,High,1
69.9,1083,Rural,1,49.5,Low,0
52.7,4041,Semi-Urban,0,15.5,Medium,0
73.4,2903,Rural,0,93.8,High,1
48.8,4768,Rural,0,103.4,High,0
37.0,4765,Rural,0,94.0,High,0
70.9,4362,Urban,1,9.6,Medium,1
84.4,2995,Semi-Urban,0,28.6,Medium,1
100.0,5295,Urban,0,2.2,High,1
34.0,2142,Rural,1,85.9,High,0
75.5,1496,Semi-Urban,0,33.3,Medium,0
58.9,2910,Urban,0,4.0,Medium,1
76.8,3926,Semi-Urban,0,17.0,Medium,1
37.9,5230,Semi-Urban,1,35.3,Medium,0
46.1,3368,Semi-Urban,0,10.4,High,0
48.4,814,Urban,1,1.2,High,0
66.2,3868,Semi-Urban,0,22.0,High,1
55.4,3986,Semi-Urban,0,15.6,High,0
61.9,2720,Rural,1,26.6,High,1
75.4,5250,Semi-Urban,1,33.1,High,1
61.0,4456,Rural,1,31.1,Medium,1
84.3,2095,Semi-Urban,1,25.3,Low,1
66.2,2050,Semi-Urban,1,22.7,Medium,1
38.7,583,Rural,0,27.2,Low,1
85.5,5206,Semi-Urban,0,26.8,Medium,1
50.9,6352,Urban,1,10.3,High,0
78.7,3094,Urban,0,10.5,High,1
75.6,1830,Rural,1,27.7,Medium,0
66.9,6389,Semi-Urban,1,21.1,Medium,1
34.6,3803,Rural,0,99.5,Medium,0
51.2,4659,Urban,0,5.0,Low,1
79.8,852,Urban,1,13.3,High,1
62.5,5164,Urban,0,1.7,High,1
61.2,1398,Semi-Urban,1,21.0,Low,0
76.4,1387,Semi-Urban,0,30.4,High,0
70.4,2611,Semi-Urban,1,25.1,Medium,1
69.2,2530,Semi-Urban,0,28.4,Medium,1
48.9,1872,Rural,1,100.3,Low,0
60.3,748,Semi-Urban,0,35.2,Low,1
77.9,5748,Semi-Urban,0,16.0,Low,1
65.3,5099,Rural,0,110.6,High,1
56.1,417,Semi-Urban,1,34.4,Medium,0
76.2,5372,Semi-Urban,1,39.6,Medium,0
55.1,1061,Rural,0,42.6,Low,0
44.2,4535,Rural,0,84.0,High,0
53.6,3607,Urban,0,6.7,High,0
37.3,2393,Rural,1,80.3,Low,0
55.9,2948,Semi-Urban,1,31.0,Low,0
83.5,6275,Urban,0,10.0,High,1
52.9,1168,Semi-Urban,0,21.9,High,0
59.8,4016,Rural,0,108.9,Medium,0
55.1,6044,Semi-Urban,0,17.6,Medium,0
61.1,5242,Semi-Urban,0,35.1,Medium,1
37.3,8176,Semi-Urban,1,19.2,High,0
61.7,2648,Urban,0,14.5,High,1
57.1,5328,Urban,1,6.5,High,1
73.1,3529,Urban,0,2.8,High,1
68.3,6320,Urban,0,10.4,Medium,1
42.0,3317,Urban,1,11.2,High,0
76.3,2525,Urban,1,9.1,High,1
63.2,6054,Semi-Urban,1,11.1,Medium,1
68.0,2726,Urban,0,8.1,High,1
64.9,807,Semi-Urban,0,25.3,Low,0
44.2,1257,Rural,1,34.3,Medium,0
68.3,5040,Semi-Urban,0,27.6,High,1
72.1,6650,Semi-Urban,0,13.0,High,1
38.8,3982,Urban,0,4.3,High,0
56.9,6496,Urban,0,6.7,High,0
56.2,504,Urban,1,4.8,High,0
68.8,2827,Urban,0,3.8,High,0
82.9,3149,Urban,0,12.0,High,1
53.4,3511,Urban,0,13.7,High,0
57.5,3925,Urban,0,6.2,High,0
57.3,5189,Urban,0,11.5,High,0
53.0,2823,Semi-Urban,0,11.4,Medium,0
59.8,4040,Urban,0,12.8,Medium,0
71.6,3239,Semi-Urban,1,15.0,Low,1
49.2,1821,Semi-Urban,0,37.4,High,1
71.4,3513,Semi-Urban,0,38.9,High,1
34.5,3034,Urban,1,5.7,High,0
43.6,1989,Rural,1,20.4,Low,0
60.1,3816,Semi-Urban,0,18.1,Medium,1
90.1,3908,Urban,0,2.5,High,1
52.9,1849,Rural,0,51.6,Medium,0
20.0,4985,Rural,1,30.2,Low,0
30.0,897,Urban,1,12.3,Medium,0
60.5,1831,Urban,1,13.3,High,0
66.2,8542,Rural,0,104.3,Low,1
57.6,417,Rural,1,51.3,High,0
67.5,930,Urban,0,13.0,High,0
82.4,5280,Urban,0,11.7,Medium,1
56.9,417,Semi-Urban,0,12.6,Medium,0
73.4,2843,Semi-Urban,1,35.6,Medium,1
40.5,8220,Semi-Urban,0,13.7,High,0
46.4,417,Semi-Urban,1,14.2,Medium,0
37.9,417,Semi-Urban,0,5.0,High,0
52.9,417,Rural,0,88.7,Medium,0
64.3,5622,Urban,0,10.0,High,1
66.7,6093,Urban,0,8.1,High,1
52.9,1265,Rural,1,83.3,Low,0
43.1,4173,Rural,0,90.4,Low,0
57.1,6230,Semi-Urban,1,21.0,High,1
37.5,7057,Semi-Urban,1,17.3,High,0
80.4,2820,Urban,1,2.9,High,1
60.4,417,Semi-Urban,0,22.0,High,0
57.7,2040,Semi-Urban,0,37.2,Medium,1
88.8,2861,Urban,0,10.3,Medium,1
41.4,2794,Urban,1,11.5,High,0
43.1,2942,Semi-Urban,1,12.3,High,0
48.6,6081,Urban,0,14.2,High,0
59.0,5988,Semi-Urban,1,36.8,Medium,1
71.5,3392,Urban,0,13.0,High,1
71.1,5622,Semi-Urban,1,21.3,High,1
100.0,4495,Urban,0,10.9,High,0
20.0,2468,Rural,1,56.0,Medium,0
74.1,5639,Semi-Urban,0,22.1,High,1
51.6,3484,Semi-Urban,1,20.0,Medium,0
43.2,6620,Rural,1,63.3,Low,1
50.7,417,Semi-Urban,1,40.0,Medium,0
51.4,2677,Urban,0,1.8,High,0
90.3,3486,Semi-Urban,0,18.9,Medium,1
77.6,4666,Semi-Urban,0,34.0,High,1
57.3,5392,Rural,0,25.2,Medium,0
85.3,3699,Semi-Urban,0,6.1,High,1
37.3,417,Urban,1,3.4,High,1
45.0,5505,Urban,0,12.7,High,0
32.3,5323,Semi-Urban,0,22.9,Low,0
54.5,417,Semi-Urban,0,26.5,Low,0
67.4,3742,Semi-Urban,0,36.9,Medium,1
61.5,417,Semi-Urban,1,22.8,High,0
59.2,1365,Rural,0,108.0,High,0
38.8,1452,Semi-Urban,1,6.8,Medium,0
77.0,5436,Urban,0,12.6,High,1
63.6,3577,Urban,1,12.6,High,1
71.0,655,Urban,1,10.9,Medium,0
36.6,5583,Urban,0,2.5,High,0
64.7,417,Urban,1,12.7,Medium,0
47.2,4438,Urban,0,10.4,High,0
54.0,1637,Urban,1,10.8,High,1
73.0,2988,Urban,0,6.1,Medium,1
53.4,3384,Rural,1,59.5,Medium,0
47.2,4420,Urban,1,11.2,High,0
60.1,6119,Semi-Urban,1,8.9,High,1
37.0,3162,Semi-Urban,1,26.3,Low,0
74.3,3388,Rural,0,48.7,High,1
61.9,2838,Urban,0,1.7,High,0
81.8,4129,Semi-Urban,0,18.3,High,1
49.1,3666,Rural,0,31.2,Low,0
44.1,2129,Rural,1,71.6,High,0
45.5,417,Rural,0,46.8,Medium,0
73.1,4024,Urban,1,4.5,High,1
49.4,4093,Urban,1,14.2,Medium,0
69.7,1916,Semi-Urban,1,13.3,High,0
51.3,417,Rural,0,53.7,High,0
30.4,6408,Semi-Urban,1,24.8,Medium,0
51.4,4357,Semi-Urban,1,37.5,Medium,0
47.3,3273,Urban,0,1.2,Medium,0
52.5,417,Rural,1,69.3,High,0
42.1,1621,Urban,1,14.7,High,0
78.9,6464,Semi-Urban,0,33.9,High,1
63.6,4037,Semi-Urban,0,23.4,High,1
62.3,2603,Semi-Urban,0,32.1,Medium,1
74.8,4812,Urban,0,8.3,High,1
79.5,2053,Urban,0,7.2,Medium,1
64.7,6877,Semi-Urban,0,6.1,High,1
53.4,6568,Urban,0,8.1,High,0
38.4,2778,Semi-Urban,0,28.4,High,0
49.7,2024,Urban,1,2.9,Low,0
55.7,417,Semi-Urban,0,14.3,High,0
61.6,417,Semi-Urban,1,26.4,High,0
59.8,959,Urban,0,2.0,High,0
75.3,4032,Semi-Urban,0,16.1,Medium,1
55.8,3070,Urban,0,9.3,High,0
64.1,947,Urban,0,6.8,Medium,0
74.8,2164,Rural,0,100.7,Medium,1
65.1,4386,Semi-Urban,1,30.9,Low,1
56.1,3850,Rural,0,46.6,High,0
51.0,417,Urban,1,12.5,High,0
50.5,3066,Semi-Urban,1,38.7,Low,0
44.2,417,Rural,0,97.3,High,0
56.9,5629,Semi-Urban,0,30.1,Low,0
71.3,4967,Semi-Urban,1,29.7,High,1
61.7,1879,Semi-Urban,0,26.8,Low,0
44.8,2154,Semi-Urban,0,39.7,Medium,0
78.5,1372,Rural,1,50.0,Medium,0
61.8,417,Rural,0,84.6,High,0
30.9,3033,Rural,1,117.4,Medium,0
53.4,2765,Urban,1,7.1,High,0
58.7,4771,Rural,0,22.4,High,0
82.6,462,Rural,0,109.9,High,0
48.4,2460,Urban,0,1.8,High,0
79.6,611,Urban,0,3.9,Medium,0
78.0,658,Rural,0,65.8,High,0
50.6,871,Semi-Urban,1,18.0,High,0
52.8,4825,Rural,0,50.3,Low,1
49.5,2295,Urban,0,13.8,High,0
48.9,2592,Rural,1,42.8,High,0
59.5,2540,Urban,1,11.4,High,0
69.9,689,Urban,1,3.3,Medium,0
81.4,3399,Urban,0,2.7,Medium,1
40.8,3581,Rural,1,67.4,Medium,0
35.5,1234,Semi-Urban,0,20.6,Medium,0
64.7,5436,Semi-Urban,0,22.6,Medium,1
69.4,1980,Semi-Urban,0,13.6,Medium,0
55.7,1327,Rural,1,98.5,Low,0
60.1,4856,Semi-Urban,0,28.2,Medium,1
58.9,1368,Rural,0,74.4,Medium,0
87.7,3828,Semi-Urban,0,31.4,High,0
70.7,3094,Semi-Urban,0,25.2,High,1
54.4,3603,Semi-Urban,1,36.7,Low,0
52.5,417,Semi-Urban,1,33.6,Medium,0
49.5,417,Rural,1,39.6,Low,1
89.6,5033,Semi-Urban,0,6.9,Low,1
62.3,5911,Urban,0,4.3,High,1
56.7,853,Rural,0,98.1,Low,0
57.8,3242,Semi-Urban,0,28.2,Medium,0
81.5,4364,Semi-Urban,0,19.4,Low,1
81.4,3778,Rural,1,101.1,Low,1
71.8,417,Semi-Urban,0,36.0,Medium,0
66.2,1904,Urban,0,5.8,High,0
57.6,2057,Rural,0,87.4,Low,0
29.2,5215,Semi-Urban,0,16.0,High,0
76.2,8955,Semi-Urban,0,29.2,Medium,1
62.0,2858,Urban,1,13.1,Medium,1
58.4,417,Rural,1,49.1,Medium,0
49.3,4171,Semi-Urban,1,11.5,Medium,0
59.2,6502,Semi-Urban,0,17.0,High,0
50.8,2975,Rural,0,90.8,Medium,0
72.3,861,Rural,0,26.2,Medium,0
59.3,5746,Urban,0,7.8,Medium,0
91.2,4716,Semi-Urban,1,30.7,Low,1
71.5,1612,Urban,0,11.6,Medium,0
37.9,3545,Rural,0,64.8,High,0
63.1,5828,Urban,0,8.5,Medium,1
55.2,6212,Semi-Urban,0,15.5,Medium,0
20.0,2195,Rural,1,73.0,Medium,0
81.0,2004,Rural,0,44.2,High,1
75.5,6307,Semi-Urban,0,10.8,High,1
65.0,417,Rural,0,88.0,Low,1
67.5,4664,Urban,0,1.1,High,1
31.3,417,Rural,1,47.5,Low,0
52.7,5553,Urban,1,4.3,High,0
72.6,2796,Semi-Urban,1,30.7,Medium,1
36.2,4976,Rural,1,74.7,High,0
27.0,4774,Urban,0,12.6,High,0
56.6,785,Urban,1,1.0,High,0
54.9,5718,Rural,0,36.6,High,0
59.0,5982,Rural,0,64.6,Low,0
70.9,5171,Semi-Urban,1,36.4,High,1
74.6,2163,Semi-Urban,0,19.0,Medium,1
63.9,2696,Semi-Urban,1,16.4,High,0
82.9,4053,Urban,0,8.8,High,1
37.2,1867,Semi-Urban,1,33.9,High,0
67.6,6859,Urban,1,6.8,High,1
61.4,2634,Rural,1,44.2,Low,1
41.4,417,Semi-Urban,1,25.2,High,0
37.5,4040,Semi-Urban,1,21.2,Medium,0
53.8,3025,Semi-Urban,0,9.2,Low,0
47.1,2594,Rural,0,119.5,Medium,1
76.3,2982,Urban,0,2.5,High,1
50.8,5015,Semi-Urban,1,7.4,Medium,0
52.2,6083,Semi-Urban,0,25.8,Low,0
50.8,3923,Semi-Urban,1,30.9,Low,0
81.8,3043,Urban,0,5.2,High,1
57.2,2664,Rural,0,79.4,Low,0
49.3,2374,Rural,1,27.3,High,0
63.3,2078,Semi-Urban,0,8.6,Low,1
84.4,4956,Semi-Urban,0,11.0,Low,1
45.8,3708,Rural,0,39.0,High,0
71.7,5543,Rural,1,99.3,Medium,1
63.2,5949,Urban,1,2.0,High,1
62.6,2322,Semi-Urban,0,33.7,High,1
100.0,5459,Semi-Urban,0,39.4,Medium,1
49.2,1769,Semi-Urban,0,14.1,High,0
46.7,3783,Rural,1,117.7,High,0
33.5,1257,Rural,1,95.7,Medium,0
71.3,618,Rural,0,36.2,Low,0
90.3,4333,Semi-Urban,0,6.8,Medium,1
90.0,417,Urban,0,13.0,High,0
70.4,417,Rural,1,44.7,High,0
49.0,1964,Rural,1,84.1,Low,0
59.5,3922,Urban,0,1.2,Medium,0
31.9,1981,Rural,0,36.3,Medium,0
87.5,417,Rural,0,76.5,High,0
67.0,1629,Semi-Urban,1,25.2,High,0
57.6,4565,Semi-Urban,0,17.6,High,0
79.9,4545,Semi-Urban,1,33.8,Medium,1
45.4,3300,Urban,1,13.4,Medium,0
71.1,6160,Semi-Urban,0,21.7,High,1
54.4,3578,Rural,0,112.6,Low,0
74.6,2193,Urban,0,5.0,High,1
59.0,2749,Semi-Urban,1,33.2,Medium,0
38.2,417,Semi-Urban,1,16.5,Medium,0
61.1,3108,Semi-Urban,1,12.3,High,1
72.7,5067,Rural,0,104.8,Medium,1
64.6,5178,Semi-Urban,0,21.3,Medium,1
71.6,6254,Semi-Urban,1,21.9,High,1
36.3,1702,Rural,1,62.9,Medium,0
64.6,6554,Semi-Urban,0,12.7,Medium,1
50.6,2931,Urban,1,12.2,Low,0
71.2,6399,Semi-Urban,1,33.3,High,1
65.5,3704,Urban,0,10.0,Medium,1
70.4,4807,Urban,1,3.2,High,1
76.3,6406,Semi-Urban,1,21.1,Medium,0
70.4,2930,Semi-Urban,1,15.6,Medium,0
61.1,3205,Rural,0,119.3,Low,1
50.0,6435,Semi-Urban,0,9.2,High,0
60.0,3056,Semi-Urban,1,37.7,Medium,0
57.0,998,Semi-Urban,0,28.9,Medium,0
59.8,8215,Urban,0,14.4,High,0
59.4,2771,Semi-Urban,0,6.1,High,0
50.3,4081,Urban,0,5.9,High,0
22.6,4742,Rural,1,115.1,High,0
50.0,2066,Urban,1,3.5,Medium,0
67.9,1650,Semi-Urban,0,28.0,High,0
44.8,4279,Urban,0,14.3,High,0
57.2,417,Rural,0,45.1,Low,0
88.5,2734,Semi-Urban,1,30.0,High,1
75.3,3844,Semi-Urban,1,7.4,Medium,1
89.7,3188,Urban,0,14.7,High,1
57.9,417,Rural,1,44.0,Low,0
77.5,6655,Urban,1,11.9,Medium,1
41.1,2549,Rural,1,111.8,Low,0
50.3,6315,Urban,1,9.8,High,0
23.9,3208,Urban,0,3.7,Medium,0
77.8,1500,Urban,1,3.0,High,0
88.1,4311,Semi-Urban,0,24.3,High,1
51.7,2884,Semi-Urban,1,19.1,High,0
56.2,880,Urban,1,13.4,High,0
40.7,5395,Rural,1,106.7,Medium,0
65.7,2037,Semi-Urban,1,26.4,Medium,1
81.9,417,Semi-Urban,0,18.1,High,0
38.9,6517,Semi-Urban,0,13.9,High,0
66.1,2283,Semi-Urban,1,8.7,Medium,0
55.8,2067,Semi-Urban,1,17.4,High,0
66.7,417,Urban,0,6.0,High,0
71.9,7377,Urban,0,3.1,High,1
54.2,417,Rural,0,48.2,Low,1
50.4,2455,Rural,1,55.3,Low,0
56.8,5235,Semi-Urban,1,18.8,High,0
79.6,4629,Urban,0,2.9,High,1
71.3,3626,Semi-Urban,0,10.5,Medium,1
63.3,417,Semi-Urban,1,34.0,Medium,0
40.9,1646,Urban,1,5.2,High,0
59.3,4141,Urban,0,10.0,High,0
70.5,1110,Rural,0,69.8,Low,0
65.6,4174,Semi-Urban,0,35.8,Medium,1
74.9,5170,Urban,0,6.1,High,1
91.5,5755,Urban,0,12.5,High,1
75.6,779,Urban,1,3.9,High,0
61.4,7910,Semi-Urban,1,30.6,Medium,1
52.3,4932,Urban,1,12.2,High,0
21.7,3330,Urban,1,3.5,Low,0
54.5,5020,Rural,0,26.9,Medium,0
60.1,8678,Urban,0,13.4,High,1
70.9,753,Semi-Urban,0,37.1,Medium,0
62.7,3281,Urban,0,10.6,Medium,1
55.2,417,Urban,1,1.4,Medium,0
33.3,3735,Urban,1,10.7,High,0
42.9,3511,Rural,0,53.2,Low,1
64.1,2668,Rural,0,89.4,Low,1
77.7,970,Rural,1,97.1,Medium,0
63.5,417,Semi-Urban,0,20.0,High,0
69.9,4528,Semi-Urban,0,30.6,High,1
74.3,6365,Urban,1,2.1,High,1
47.8,2102,Urban,1,3.1,Medium,0
62.5,3667,Rural,0,48.2,Medium,1
53.9,483,Urban,0,2.3,Low,0
73.0,4286,Urban,1,13.8,High,1
67.3,2930,Urban,0,1.1,High,1
69.5,2162,Urban,0,7.8,High,1
48.3,1749,Urban,1,2.7,High,0
75.6,2930,Semi-Urban,0,13.8,High,1
91.3,4130,Semi-Urban,1,34.5,High,1
41.9,417,Rural,0,25.5,Low,0
46.9,1506,Rural,1,117.3,Medium,0
68.5,3664,Semi-Urban,0,15.8,Medium,1
76.8,1460,Urban,0,11.4,High,0
56.6,7493,Semi-Urban,0,16.4,High,1
22.5,1972,Semi-Urban,0,6.4,High,1
80.4,1939,Urban,1,8.8,Medium,0
71.4,1295,Semi-Urban,1,5.2,Medium,0
38.9,7497,Semi-Urban,0,39.2,High,0
55.9,4902,Semi-Urban,0,38.8,Medium,0
83.5,1382,Semi-Urban,1,18.8,High,0
81.7,5638,Urban,1,5.6,Low,1
71.1,3168,Rural,0,104.8,Low,1
54.4,3286,Rural,0,62.3,Medium,0
66.2,3032,Urban,0,5.7,High,1
50.0,772,Rural,1,52.5,High,1
81.9,4454,Semi-Urban,0,19.0,Low,1
38.9,1198,Rural,1,101.7,High,0
44.9,6535,Rural,0,38.2,Low,0
75.2,689,Semi-Urban,1,39.7,High,0
64.3,6950,Urban,0,4.6,High,1
85.7,3518,Urban,0,7.5,Medium,1
54.9,4373,Semi-Urban,0,28.1,Medium,0
59.2,5069,Semi-Urban,1,29.1,Medium,0
51.2,2437,Urban,0,13.9,Medium,0
65.1,5551,Urban,0,6.9,High,1
34.8,417,Rural,0,86.1,Medium,0
49.7,1250,Rural,0,27.8,Medium,0
38.5,1408,Semi-Urban,1,12.8,Low,0
70.4,722,Urban,1,7.8,High,0
70.7,2886,Urban,1,5.9,High,1
39.0,4554,Urban,0,13.7,High,0
72.0,3797,Rural,1,78.4,Medium,1
100.0,4252,Urban,0,11.7,High,1
65.7,2363,Semi-Urban,0,19.6,High,1
55.4,4519,Urban,0,5.8,High,0
100.0,4009,Semi-Urban,0,36.4,High,1
40.2,5283,Semi-Urban,1,7.9,High,1
52.3,3952,Rural,1,91.4,Low,0
62.7,3397,Urban,1,12.1,Low,1
85.2,1881,Urban,0,14.2,High,0
70.4,2390,Urban,0,9.7,High,1
49.5,1605,Rural,0,70.9,High,1
42.7,2093,Rural,0,56.9,Low,0
59.9,4308,Semi-Urban,0,13.2,Medium,0
49.9,5240,Semi-Urban,0,5.8,High,0
65.7,3644,Semi-Urban,0,34.2,High,1
56.5,3784,Urban,0,6.6,Medium,0
29.6,2632,Rural,1,66.2,Low,0
78.8,2259,Semi-Urban,1,13.1,High,1
52.5,1405,Semi-Urban,1,35.4,Medium,0
41.0,417,Semi-Urban,1,37.4,High,0
62.5,2302,Urban,0,9.9,High,1
61.0,4319,Urban,1,3.6,Medium,1
25.8,869,Rural,1,100.7,Low,0
70.0,3255,Urban,0,8.6,High,1
49.3,4722,Semi-Urban,0,18.8,Low,0
85.7,4418,Urban,1,5.1,High,1
72.9,1501,Semi-Urban,0,25.4,Medium,0
59.0,5827,Urban,0,7.8,High,0
53.8,6099,Semi-Urban,0,32.6,Low,0
55.4,417,Rural,0,92.7,Low,1
74.2,2034,Urban,0,11.0,High,1
64.6,6231,Semi-Urban,0,25.6,Low,1
61.7,3444,Semi-Urban,0,18.9,Medium,1
65.9,417,Semi-Urban,0,39.1,Medium,0
42.9,417,Rural,1,36.3,Medium,0
51.9,2230,Rural,0,98.6,Low,1
33.7,1327,Urban,0,10.9,Medium,1
79.6,2889,Urban,0,4.5,High,1
64.5,3401,Urban,1,7.3,Low,0
53.4,6796,Semi-Urban,0,18.1,High,0
93.5,3145,Urban,0,3.9,High,1
61.3,5568,Semi-Urban,1,6.8,Medium,1
44.5,6310,Semi-Urban,1,19.9,Medium,0
77.9,6738,Semi-Urban,0,34.1,Medium,1
58.0,2927,Rural,1,43.5,High,0
70.9,417,Urban,0,10.3,Low,0
58.6,4710,Urban,0,12.7,High,0
63.8,4934,Rural,0,74.6,High,1
61.1,3581,Semi-Urban,0,37.6,High,1
68.3,6968,Semi-Urban,1,8.3,Medium,1
36.4,5541,Semi-Urban,0,20.8,Low,0
58.5,4934,Urban,0,11.2,High,0
77.8,4597,Rural,1,106.3,Low,1
40.5,3028,Rural,1,37.9,High,0
55.9,417,Semi-Urban,0,12.4,Medium,0
53.3,2293,Urban,1,5.8,High,0
46.8,6244,Semi-Urban,0,6.8,High,1
26.9,1651,Semi-Urban,1,22.2,High,0
56.5,2868,Urban,1,13.6,High,1
54.0,417,Rural,1,35.7,Medium,0
64.2,7467,Urban,0,5.6,Medium,1
54.8,6253,Rural,0,49.0,Medium,0
65.6,1909,Semi-Urban,0,10.6,High,0
